{
	"code":200,
	"msg":"成功",
	"data":[
		{
			"tit":"99小靓号卡",
			"taocan":"7元月享1G全国流量AAA随心选",
			"money":"元",
			"imgurl":"images/ka2.png",
			"imgClass":"mian"
		},
		{
			"tit":"30免卡",
			"taocan":"0月租0低消全国无漫游",
			"money":"元",
			"imgurl":"images/ka3.png",
			"imgClass":"mian"
		},
		{
			"tit":"畅玩12免卡",
			"taocan":"低消2元，语音0.12-0.09元/分钟",
			"money":"30元",
			"imgurl":"images/ka4.png",
			"imgClass":"mian"
		},
		{
			"tit":"60免卡",
			"taocan":"日租卡1元300MB/天，不限量",
			"money":"30元",
			"imgurl":"images/ka4.png",
			"imgClass":"mian"
		},
		{
			"tit":"马来西亚",
			"taocan":"2.2GB高速上网流量",
			"money":"24.9元",
			"imgurl":"images/guoji2.png",
			"imgClass":"mian"
		},
		{
			"tit":"日本卡",
			"taocan":"8日无限上网流量",
			"money":"65元",
			"imgurl":"images/guoji3.png",
			"imgClass":"mian"
		},
		{
			"tit":"美国卡",
			"taocan":"28日无限上网流量，无限通话",
			"money":"70元",
			"imgurl":"images/guoji4.jpg",
			"imgClass":"mian"
		},
		{
			"tit":"欧洲卡",
			"taocan":"15日1.5GB4G高速流量",
			"money":"75元",
			"imgurl":"images/guoji5.jpg",
			"imgClass":"mian"
		},
		{
			"tit":"横行冒险王卡车帽",
			"taocan":"横行卡车帽在横行的世界里自由横行",
			"money":"69.00元",
			"imgurl":"images/bain2.jpg",
			"imgClass":"mian"
		},
		{
			"tit":"九阴真经拼色围巾",
			"taocan":"真正的侠之大者往往风流倜傥",
			"money":"88.00元",
			"imgurl":"images/bain3.jpg",
			"imgClass":"mian"
		},
		{
			"tit":"蜗牛游戏官方手机壳",
			"taocan":"感恩限时打折",
			"money":"38.00元",
			"imgurl":"images/bain4.jpg",
			"imgClass":"mian"
		},
		{
			"tit":"九阴真经四周年典藏版扑克牌",
			"taocan":"29.9两副.限量包邮",
			"money":"29.90元",
			"imgurl":"images/bian5.jpg",
			"imgClass":"mian"
		}
	]
}
